5.0,
5.0,
Generation,BeakSize
0,4.853822217512438
0,4.697444488133964
0,6.204575257647745
0,5.441726452855947
0,5.82727318234017
0,5.660958112573246
0,5.300122985309687
0,5.241269136454393
0,5.516312440439876
0,6.028858753399438
0,6.859115957004591
0,5.787433421829974
0,5.984247394415209
0,5.262280604439866
0,5.451734389929317
0,5.295763430644136
0,6.3186872129003335
0,6.1194003641590315
0,5.751207759948555
0,5.430517474645311
0,6.048085510453136
0,4.32029900536108
0,6.034911036187967
0,4.812277015065787
0,4.976921799466771
0,5.375328455559616
0,5.166338951581021
0,5.977113562350264
0,5.840416713372355
0,6.91250104945251
0,5.166225078800406
0,6.228636456725593
0,5.495853127285058
0,6.135358955256445
0,6.269927556141326
0,5.665455183274051
0,6.356263008837858
0,4.98284878075299
0,5.547155451981349
0,5.202613092301165
1,4.98284878075299
1,4.853822217512438
1,6.859115957004591
1,4.697444488133964
1,4.976921799466771
1,6.91250104945251
1,4.812277015065787
1,5.302917074847014
1,4.688769278419759
1,5.160059041364462
2,4.697444488133964
2,5.302917074847014
2,4.98284878075299
2,6.91250104945251
2,4.976921799466771
2,4.688769278419759
2,4.812277015065787
2,5.160059041364462
2,6.859115957004591
2,4.808350276282297
2,5.102379725383214
2,4.8053326704252095
2,4.714456045372777
2,4.694181181067991
2,5.929797830879676
3,6.91250104945251
3,6.859115957004591
3,4.688769278419759
3,5.160059041364462
3,5.302917074847014
3,4.697444488133964
3,4.976921799466771
3,4.694181181067991
3,5.929797830879676
3,4.808350276282297
3,5.102379725383214
3,4.8300066730376106
3,5.745392495183928
3,6.436206315763106
3,4.888887849837799
3,5.612572295405429
3,5.7108651286102
3,6.120518401545363
3,4.900710778695747
4,5.102379725383214
4,4.694181181067991
4,6.436206315763106
4,4.688769278419759
4,4.976921799466771
4,4.808350276282297
4,6.120518401545363
4,5.612572295405429
4,5.302917074847014
4,5.7108651286102
4,4.888887849837799
4,4.697444488133964
4,5.745392495183928
4,5.929797830879676
4,4.8300066730376106
4,5.818731668601283
4,5.808847055471103
4,6.578218475205597
4,5.9771609719323
4,5.974552768272152
4,5.827512626916025
4,6.5828029267739385
5,6.120518401545363
5,5.827512626916025
5,6.436206315763106
5,6.578218475205597
5,6.5828029267739385
5,5.9771609719323
5,4.808350276282297
5,5.102379725383214
5,4.888887849837799
5,4.8300066730376106
5,5.612572295405429
5,5.974552768272152
5,5.47242480774367
5,4.96638794682431
5,5.4910792158766
5,5.520644435796875
6,4.8300066730376106
6,5.612572295405429
6,4.888887849837799
6,6.5828029267739385
6,6.578218475205597
6,5.47242480774367
6,5.4910792158766
6,5.827512626916025
6,6.436206315763106
6,4.96638794682431
6,5.974552768272152
6,5.9771609719323
6,5.520644435796875
6,6.120518401545363
6,4.909149123656971
6,6.238024599416419
6,6.207541859280342
7,4.909149123656971
7,5.520644435796875
7,6.578218475205597
7,6.238024599416419
7,4.96638794682431
7,5.827512626916025
7,6.5828029267739385
7,5.9771609719323
7,6.207541859280342
7,5.37578775952624
7,6.3748287483398025
7,5.953005162477389
8,6.3748287483398025
8,5.37578775952624
8,4.96638794682431
8,6.207541859280342
8,4.909149123656971
8,5.953005162477389
8,6.238024599416419
8,5.520644435796875
8,6.720055157007371
8,5.98999042290911
8,6.279090757859506
9,6.207541859280342
9,6.3748287483398025
9,6.279090757859506
9,4.909149123656971
9,5.37578775952624
9,6.238024599416419
9,5.98999042290911
9,5.953005162477389
9,6.720055157007371
9,5.371007630401727
9,6.08132424504858
9,5.448146645841686
9,6.073533437761449
9,6.210127729724863
10,5.371007630401727
10,5.953005162477389
10,6.073533437761449
10,6.3748287483398025
10,6.210127729724863
10,6.720055157007371
10,6.08132424504858
10,5.37578775952624
10,6.279090757859506
10,5.938795042729953
10,6.0793308989741615
10,6.260681936364871
10,5.319476915254287
10,6.2383707666654855
11,6.279090757859506
11,6.260681936364871
11,6.0793308989741615
11,5.371007630401727
11,5.938795042729953
11,6.08132424504858
11,6.2383707666654855
11,6.073533437761449
11,6.720055157007371
11,5.9366511728659335
11,5.660619272410671
11,6.28669939250829
11,6.415005095688295
12,5.660619272410671
12,5.9366511728659335
12,6.28669939250829
12,6.260681936364871
12,5.371007630401727
12,6.073533437761449
12,6.08132424504858
12,6.2383707666654855
12,6.0793308989741615
12,5.938795042729953
12,6.415005095688295
12,6.183851298975628
12,5.768271717958081
12,5.599331758138937
12,6.297545374480896
12,6.29020324506804
13,6.28669939250829
13,6.415005095688295
13,5.938795042729953
13,5.768271717958081
13,6.297545374480896
13,6.29020324506804
13,5.599331758138937
13,5.9366511728659335
13,5.660619272410671
13,5.7556958654472865
13,6.413691953058394
13,5.634039575813289
13,5.842896099554318
13,6.104363489242718
14,5.768271717958081
14,5.7556958654472865
14,5.599331758138937
14,6.28669939250829
14,6.29020324506804
14,6.413691953058394
14,5.634039575813289
14,6.297545374480896
14,6.415005095688295
14,5.660619272410671
14,5.867199384679914
14,6.002098089844663
14,6.006986446052487
14,6.309902151095551
14,6.202345493733847
15,5.768271717958081
15,6.309902151095551
15,5.634039575813289
15,5.599331758138937
15,6.202345493733847
15,6.297545374480896
15,5.867199384679914
15,5.7556958654472865
15,6.413691953058394
15,6.002098089844663
15,5.976763130163034
15,6.520354896060478
15,6.190303575931123
16,6.520354896060478
16,6.413691953058394
16,5.7556958654472865
16,6.309902151095551
16,6.202345493733847
16,6.190303575931123
16,5.976763130163034
16,5.867199384679914
16,6.069646936692078
17,6.202345493733847
17,6.309902151095551
17,5.976763130163034
17,6.520354896060478
17,6.069646936692078
17,5.867199384679914
17,6.190303575931123
17,5.801303537694647
18,6.069646936692078
18,5.976763130163034
18,5.801303537694647
18,6.520354896060478
18,6.190303575931123
18,6.176656675004383
19,5.801303537694647
19,6.176656675004383
19,6.069646936692078
19,5.996367170593286
20,6.176656675004383
20,5.996367170593286
20,5.801303537694647
20,6.044749421996532
20,6.127322122438438
21,6.176656675004383
21,6.127322122438438
21,6.044749421996532
21,5.996367170593286
21,6.049025763069556
21,6.2034167668839295
21,6.196744447242978
22,6.127322122438438
22,5.996367170593286
22,6.049025763069556
22,6.2034167668839295
22,6.196744447242978
22,6.044749421996532
22,6.21228391708132
22,5.956795895992653
22,6.120528794032326
22,6.048568060866922
22,6.4159224640307135
23,6.120528794032326
23,6.21228391708132
23,6.4159224640307135
23,6.196744447242978
23,5.956795895992653
23,6.2034167668839295
23,6.127322122438438
23,6.049025763069556
23,6.044749421996532
23,6.048568060866922
23,6.130360564533644
23,6.339251980766067
23,5.9574327701693095
23,5.91492827189923
23,6.436996002806068
23,5.5979420125249755
23,6.116551628108391
24,6.048568060866922
24,6.2034167668839295
24,6.339251980766067
24,6.4159224640307135
24,5.956795895992653
24,5.91492827189923
24,5.9574327701693095
24,5.5979420125249755
24,6.120528794032326
24,6.436996002806068
24,6.372356590845999
24,5.943564549262923
24,6.205031037800569
24,5.604319856663704
24,6.019108332205768
24,6.10161016893475
24,6.3665601334034445
24,5.745248335533379
24,6.11568696109492
25,5.956795895992653
25,5.604319856663704
25,6.372356590845999
25,5.745248335533379
25,6.436996002806068
25,6.3665601334034445
25,6.4159224640307135
25,5.9574327701693095
25,5.91492827189923
25,5.5979420125249755
25,5.850546200244775
25,6.235895607325786
25,6.499006933399458
25,6.52356210262038
25,6.238451497696005
25,6.022790039783034
26,5.9574327701693095
26,6.022790039783034
26,6.3665601334034445
26,6.436996002806068
26,6.372356590845999
26,5.745248335533379
26,5.5979420125249755
26,6.499006933399458
26,6.52356210262038
26,5.91492827189923
26,6.235895607325786
26,5.604319856663704
26,6.356884426067889
26,6.084309560378773
26,5.943714603686738
26,6.135334879367234
26,5.704017683677346
26,6.381915642398015
26,5.94320738772753
27,5.704017683677346
27,6.022790039783034
27,5.604319856663704
27,6.235895607325786
27,6.356884426067889
27,6.499006933399458
27,5.745248335533379
27,6.3665601334034445
27,6.338440870478031
27,5.6394457373778755
27,6.130537429401511
27,6.125302439124068
27,5.710306107729475
28,6.499006933399458
28,5.6394457373778755
28,6.125302439124068
28,6.356884426067889
28,5.710306107729475
28,6.022790039783034
28,6.338440870478031
28,6.235895607325786
28,6.507753885268834
28,5.893167588577381
28,6.249440132231173
28,6.027308967318805
28,6.069450267627133
29,6.249440132231173
29,6.356884426067889
29,6.125302439124068
29,6.027308967318805
29,5.893167588577381
29,5.710306107729475
29,5.6394457373778755
29,6.069450267627133
29,5.988637056750731
29,6.1434863614961035
29,5.660357997094426
29,5.977853915400594
30,5.893167588577381
30,6.1434863614961035
30,5.988637056750731
30,6.027308967318805
30,5.710306107729475
30,5.977853915400594
30,6.125302439124068
30,5.660357997094426
30,6.249440132231173
30,6.069450267627133
30,6.600272543355884
30,6.094218105813813
30,6.054820219343299
30,6.339474395831061
30,6.244062833765935
31,6.069450267627133
31,6.1434863614961035
31,6.339474395831061
31,6.600272543355884
31,6.249440132231173
31,6.094218105813813
31,5.893167588577381
31,5.660357997094426
31,6.054820219343299
31,5.977853915400594
31,6.163914453758842
31,6.085295433746554
31,5.949423868120181
31,6.048100977707547
31,6.0867884118396365
31,5.890249951762195
32,5.660357997094426
32,6.163914453758842
32,5.949423868120181
32,6.600272543355884
32,5.977853915400594
32,6.339474395831061
32,5.890249951762195
32,6.054820219343299
32,6.085295433746554
32,5.755322102206655
32,5.782750068138045
32,6.317406555916882
32,6.363734216532681
33,6.600272543355884
33,6.085295433746554
33,5.755322102206655
33,6.339474395831061
33,6.163914453758842
33,5.949423868120181
33,5.782750068138045
33,6.363734216532681
33,5.890249951762195
33,6.317406555916882
33,6.258419427292553
33,5.9107515181945995
33,5.956521171114403
33,5.936816021358382
33,6.234579144611826
33,5.646099049077173
33,6.32612709445365
33,5.829497749929636
34,6.317406555916882
34,5.646099049077173
34,5.956521171114403
34,5.755322102206655
34,5.9107515181945995
34,5.890249951762195
34,5.782750068138045
34,6.085295433746554
34,6.32612709445365
34,5.936816021358382
34,6.543800270774991
34,5.611249756065009
34,5.217698346221786
34,5.827266180400946
34,6.237248230899575
34,5.897840981248868
35,5.897840981248868
35,6.32612709445365
35,6.317406555916882
35,6.237248230899575
35,5.9107515181945995
35,5.611249756065009
35,5.755322102206655
35,5.217698346221786
35,5.646099049077173
35,5.956521171114403
35,5.827266180400946
35,6.543800270774991
35,5.936816021358382
35,6.00412332853605
35,5.869507407345985
35,5.492198009052079
35,6.320321842117157
35,5.922614336214037
35,5.943450551411201
35,6.523910774438848
35,5.513514955524441
36,5.646099049077173
36,5.492198009052079
36,6.237248230899575
36,6.32612709445365
36,5.217698346221786
36,6.523910774438848
36,5.897840981248868
36,6.543800270774991
36,5.611249756065009
36,5.943450551411201
36,5.513514955524441
36,5.726990577574886
36,5.938344139259619
36,5.475798599845461
36,6.396665315951019
36,6.322437024542348
36,6.1433201773876265
37,5.943450551411201
37,6.237248230899575
37,6.322437024542348
37,6.543800270774991
37,6.396665315951019
37,5.897840981248868
37,5.475798599845461
37,5.492198009052079
37,6.1433201773876265
37,5.938344139259619
37,6.523910774438848
37,5.217698346221786
37,5.611249756065009
37,5.513514955524441
37,6.2412103520785855
37,6.265417942036013
37,5.738580993825459
37,5.851328177847801
37,5.5862268217326285
37,5.602573688642994
37,5.802633082516335
37,5.674975789206922
38,5.802633082516335
38,5.492198009052079
38,5.938344139259619
38,5.738580993825459
38,6.396665315951019
38,6.265417942036013
38,6.2412103520785855
38,6.322437024542348
38,6.563247148486249
38,5.7572459775138265
38,5.854984573334456
38,5.855869262067172
38,6.25057493817127
38,5.248069332511557
38,5.644568924691015
39,5.644568924691015
39,5.248069332511557
39,6.563247148486249
39,5.938344139259619
39,6.2412103520785855
39,5.802633082516335
39,6.322437024542348
39,5.7572459775138265
39,6.396665315951019
39,5.855869262067172
39,6.25057493817127
39,6.265417942036013
39,6.209233586628022
39,5.513683837814098
39,5.735185689787266
39,5.708999291827498
39,5.781931739667318
39,6.216163173594741
39,6.311169593929345
39,5.805958806687453
40,5.735185689787266
40,6.311169593929345
40,5.644568924691015
40,5.248069332511557
40,6.265417942036013
40,5.805958806687453
40,6.563247148486249
40,5.7572459775138265
40,6.25057493817127
40,5.513683837814098
40,6.379698386193786
40,6.430686872068332
40,5.382215063847214
40,5.765989630302356
41,6.25057493817127
41,6.563247148486249
41,6.379698386193786
41,5.513683837814098
41,5.735185689787266
41,6.311169593929345
41,5.644568924691015
41,5.805958806687453
41,5.765989630302356
41,5.7572459775138265
41,6.430686872068332
41,6.033232433493035
41,6.050214787639899
41,6.10711982894121
41,6.030743881676452
42,5.735185689787266
42,6.379698386193786
42,6.430686872068332
42,6.311169593929345
42,6.050214787639899
42,6.030743881676452
42,6.033232433493035
42,5.765989630302356
42,5.805958806687453
42,6.10711982894121
42,5.513683837814098
42,6.167495422088318
42,6.257980474880276
42,6.393076993562307
42,5.937575426224576
42,5.875128467424871
42,6.066420401878629
43,5.765989630302356
43,6.030743881676452
43,6.167495422088318
43,6.033232433493035
43,5.875128467424871
43,6.393076993562307
43,6.430686872068332
43,6.10711982894121
43,5.937575426224576
43,6.066420401878629
43,6.379698386193786
43,6.028283375482742
43,6.167821648786556
43,5.889548975949086
43,5.973117483493427
43,5.803088925709461
43,6.295264775874863
43,6.072461180100892
43,6.182727220684192
44,6.167495422088318
44,6.033232433493035
44,5.875128467424871
44,5.803088925709461
44,6.393076993562307
44,6.295264775874863
44,6.385461106166695
44,6.30457062014666
44,6.248693164449337
44,5.912820859847251
44,5.9725908846645535
44,6.21321995327678
45,5.875128467424871
45,5.9725908846645535
45,6.21321995327678
45,5.912820859847251
45,6.393076993562307
45,5.803088925709461
45,6.30457062014666
45,6.167495422088318
45,6.295264775874863
45,6.10773959346434
45,5.7647134620656395
45,6.238688674546647
45,5.763583373315981
45,6.251063746345281
45,6.301499059112735
46,5.803088925709461
46,5.763583373315981
46,6.238688674546647
46,6.30457062014666
46,5.9725908846645535
46,5.912820859847251
46,6.21321995327678
46,5.7647134620656395
46,6.10773959346434
46,6.295264775874863
46,5.870904054399009
46,6.285986674707519
46,5.807593937175859
46,5.627070528348771
46,5.935935423616765
46,6.403837355588427
47,5.870904054399009
47,6.403837355588427
47,5.912820859847251
47,6.10773959346434
47,5.7647134620656395
47,5.807593937175859
47,6.21321995327678
47,5.9725908846645535
47,6.238688674546647
47,5.763583373315981
47,6.285986674707519
47,6.184526171949828
47,6.136952334138405
47,5.995307332940375
47,5.75337976724316
47,5.999186960795262
47,5.954140750349511
48,5.954140750349511
48,5.995307332940375
48,6.285986674707519
48,5.75337976724316
48,5.7647134620656395
48,6.184526171949828
48,5.763583373315981
48,6.403837355588427
48,6.10773959346434
48,5.863964535242311
48,5.810854398780022
48,6.285265368778775
49,6.184526171949828
49,6.403837355588427
49,5.810854398780022
49,6.285986674707519
49,6.285265368778775
49,5.75337976724316
49,6.43058770593323
49,6.289775057981646
50,5.75337976724316
50,6.43058770593323
50,5.810854398780022
50,6.289775057981646
50,6.184526171949828
50,6.246171116171554
50,6.2264012200167445
51,6.289775057981646
51,6.246171116171554
51,5.810854398780022
51,6.2264012200167445
51,6.43058770593323
51,6.19446808659569
52,6.19446808659569
52,6.43058770593323
52,6.246171116171554
52,6.289775057981646
52,6.2264012200167445
52,5.987937621465555
52,6.390449150549299
53,6.390449150549299
53,6.246171116171554
53,6.19446808659569
53,5.987937621465555
53,6.2264012200167445
53,6.493523684460131
53,6.015472053735809
53,6.135252724148112
54,5.987937621465555
54,6.19446808659569
54,6.135252724148112
54,6.390449150549299
54,6.015472053735809
54,6.493523684460131
54,5.886540585670606
54,6.475619717804103
54,6.251501099208804
54,6.019459157291718
54,6.13990426440065
55,6.015472053735809
55,6.135252724148112
55,5.886540585670606
55,6.390449150549299
55,6.019459157291718
55,6.13990426440065
55,6.251501099208804
55,6.130944407540987
55,5.9416173339553735
55,6.540209810329197
55,5.808178013742534
55,6.2040745637788115
56,5.808178013742534
56,6.130944407540987
56,6.2040745637788115
56,6.019459157291718
56,5.9416173339553735
56,5.886540585670606
56,6.015472053735809
56,6.13990426440065
56,6.135252724148112
56,5.957265885318142
56,5.676609140593174
56,5.969132486144026
56,6.243053131570221
57,6.130944407540987
57,6.13990426440065
57,5.808178013742534
57,5.676609140593174
57,5.969132486144026
57,6.2040745637788115
57,5.957265885318142
57,5.9416173339553735
57,5.886540585670606
57,6.243053131570221
57,6.019459157291718
57,5.99449773146274
57,5.870939250973317
57,5.724886876566126
57,6.079127282548441
57,5.425981752228811
57,6.26426690200413
58,5.425981752228811
58,5.724886876566126
58,6.243053131570221
58,6.26426690200413
58,5.676609140593174
58,5.870939250973317
58,5.808178013742534
58,6.2040745637788115
58,6.130944407540987
58,6.079127282548441
58,5.99449773146274
58,5.969132486144026
58,5.871105580625662
58,6.074084097473873
58,5.765342368734072
58,6.1390690970033
58,6.5187991320540295
58,5.761396529696766
59,5.724886876566126
59,5.425981752228811
59,6.5187991320540295
59,5.676609140593174
59,6.243053131570221
59,6.074084097473873
59,6.26426690200413
59,6.1390690970033
59,6.392755833045129
59,6.597401202091934
59,5.488549045025076
59,6.220526608616177
60,6.074084097473873
60,6.1390690970033
60,5.724886876566126
60,6.597401202091934
60,5.488549045025076
60,5.425981752228811
60,6.392755833045129
60,6.5187991320540295
60,6.26426690200413
60,6.220526608616177
60,5.979956268561098
60,6.051165482811658
60,5.642679084780035
60,5.988922326588728
60,6.27694837103899
61,5.988922326588728
61,6.074084097473873
61,6.5187991320540295
61,6.392755833045129
61,6.27694837103899
61,6.220526608616177
61,5.979956268561098
61,6.1390690970033
61,6.597401202091934
61,5.488549045025076
61,5.642679084780035
61,6.300965435115479
61,5.926795554643637
61,5.854660225863136
61,6.154322479119405
61,6.642214903407837
61,6.351503231499863
62,5.488549045025076
62,5.979956268561098
62,6.392755833045129
62,6.300965435115479
62,6.351503231499863
62,6.642214903407837
62,6.220526608616177
62,5.642679084780035
62,5.854660225863136
62,6.27694837103899
62,6.597401202091934
62,5.926795554643637
62,5.461144963725034
62,6.019743088792929
62,5.7199166040973015
62,6.303384617618003
62,6.027681873579515
62,5.675906001042697
62,5.9171832588918365
63,5.642679084780035
63,5.461144963725034
63,5.926795554643637
63,5.9171832588918365
63,6.642214903407837
63,6.300965435115479
63,6.27694837103899
63,6.027681873579515
63,5.675906001042697
63,6.351503231499863
63,6.1882131112120105
63,6.200462775075641
63,6.111359092134808
63,5.22152524498315
64,6.351503231499863
64,5.675906001042697
64,5.22152524498315
64,6.027681873579515
64,5.926795554643637
64,6.200462775075641
64,5.461144963725034
64,6.642214903407837
64,6.300965435115479
64,6.111359092134808
64,6.1882131112120105
64,5.614879875685696
64,6.2923126868060235
64,5.5927300415549235
65,6.1882131112120105
65,5.675906001042697
65,5.5927300415549235
65,6.027681873579515
65,5.461144963725034
65,6.200462775075641
65,6.111359092134808
65,5.614879875685696
65,6.2923126868060235
65,5.22152524498315
65,5.93462490203975
65,6.466790021276009
65,5.646260893961678
65,5.657598305428137
66,5.646260893961678
66,6.1882131112120105
66,6.2923126868060235
66,6.200462775075641
66,5.5927300415549235
66,6.111359092134808
66,5.93462490203975
66,5.657598305428137
66,5.22152524498315
66,6.466790021276009
66,6.067458856927942
66,5.987790922663016
66,6.068187932873763
66,5.96263488343441
67,5.657598305428137
67,6.466790021276009
67,6.067458856927942
67,6.068187932873763
67,5.96263488343441
67,5.646260893961678
67,5.93462490203975
67,5.987790922663016
67,5.6699343320598325
67,6.068046602831073
68,5.96263488343441
68,5.93462490203975
68,5.6699343320598325
68,6.068046602831073
68,5.987790922663016
68,5.646260893961678
68,6.466790021276009
68,5.657598305428137
68,6.068187932873763
68,6.067458856927942
68,6.038429137964188
68,5.731380359725156
68,5.31560166647366
69,6.067458856927942
69,5.731380359725156
69,5.6699343320598325
69,5.96263488343441
69,5.31560166647366
69,6.068187932873763
69,6.038429137964188
69,5.987790922663016
69,6.068046602831073
69,5.692739187086086
69,6.135709718319844
69,5.810870889907168
69,5.839679303417804
69,6.302523680532912
69,5.256223292131473
70,5.256223292131473
70,6.302523680532912
70,5.6699343320598325
70,6.038429137964188
70,5.839679303417804
70,5.810870889907168
70,5.731380359725156
70,5.31560166647366
70,6.135709718319844
70,5.692739187086086
70,6.068046602831073
70,5.832940906421406
70,6.501630150498353
70,6.091247435459826
70,5.937875585336462
70,5.947672164982586
70,5.799266862397103
70,5.563601814088361
70,6.065644508734535
70,5.832893385490807
70,6.3990239431311435
71,6.3990239431311435
71,5.256223292131473
71,5.692739187086086
71,6.038429137964188
71,5.563601814088361
71,6.302523680532912
71,5.937875585336462
71,6.091247435459826
71,5.731380359725156
71,6.501630150498353
71,6.206428004085544
71,5.752165279949967
71,5.782910596766435
71,5.716493161817978
71,5.772361227916394
71,6.238250058256732
71,6.2139739267438046
71,6.287035833540989
71,6.0145912070971415
72,5.692739187086086
72,5.563601814088361
72,6.238250058256732
72,6.206428004085544
72,6.3990239431311435
72,5.782910596766435
72,6.501630150498353
72,5.716493161817978
72,5.256223292131473
72,5.53000918866622
72,5.745490871690513
72,6.376354399671407
72,6.201383699668824
72,5.967669136586724
72,5.364154335518296
73,5.967669136586724
73,6.376354399671407
73,6.3990239431311435
73,5.53000918866622
73,6.501630150498353
73,6.238250058256732
73,5.745490871690513
73,6.206428004085544
73,6.201383699668824
73,5.782910596766435
73,5.364154335518296
73,5.716493161817978
73,6.103375001925045
73,5.39761227757495
73,6.033183569128294
73,5.945422043178192
73,6.111682484618087
73,5.660002352700527
74,6.376354399671407
74,6.206428004085544
74,5.660002352700527
74,5.53000918866622
74,5.39761227757495
74,5.782910596766435
74,6.111682484618087
74,6.103375001925045
74,5.364154335518296
74,6.238250058256732
74,6.201383699668824
74,5.716493161817978
74,5.967669136586724
74,5.79396193530412
74,6.149952327608539
74,6.251229682351555
74,6.261466387256774
75,5.967669136586724
75,6.261466387256774
75,6.201383699668824
75,6.103375001925045
75,5.39761227757495
75,5.660002352700527
75,5.53000918866622
75,6.376354399671407
75,6.149952327608539
75,5.364154335518296
75,5.79396193530412
75,6.246655245177498
75,5.772337417781378
75,5.735818067268999
76,5.660002352700527
76,6.261466387256774
76,5.735818067268999
76,6.103375001925045
76,5.772337417781378
76,6.246655245177498
76,5.79396193530412
76,5.39761227757495
76,5.708783889351681
76,6.412642870977252
76,5.9966495647317775
77,6.412642870977252
77,5.79396193530412
77,6.246655245177498
77,5.735818067268999
77,5.772337417781378
77,6.261466387256774
77,5.9966495647317775
77,5.708783889351681
77,6.329776614654884
77,5.791890446152044
77,5.6091886324570535
78,6.329776614654884
78,5.9966495647317775
78,5.791890446152044
78,5.6091886324570535
78,5.708783889351681
78,6.412642870977252
78,6.246655245177498
78,5.735818067268999
78,5.772337417781378
78,5.581075483155889
78,5.800710436412864
78,5.807189574880548
78,6.142241602992177
79,5.581075483155889
79,6.412642870977252
79,5.708783889351681
79,6.329776614654884
79,5.6091886324570535
79,5.807189574880548
79,6.142241602992177
79,5.9966495647317775
79,5.958172680959077
79,6.49081419372789
79,6.036161313726095
79,5.657463030799937
79,6.178150062533643
80,5.6091886324570535
80,5.807189574880548
80,5.657463030799937
80,6.49081419372789
80,6.036161313726095
80,5.958172680959077
80,6.142241602992177
80,6.329776614654884
80,5.581075483155889
80,6.178150062533643
80,5.409140524801298
80,6.090936004941906
80,6.061228142760857
80,5.81476861056167
80,6.146234339350999
80,5.68201065630058
80,5.950741265073329
81,6.061228142760857
81,5.958172680959077
81,6.090936004941906
81,6.146234339350999
81,6.142241602992177
81,5.657463030799937
81,5.807189574880548
81,5.581075483155889
81,5.68201065630058
81,6.178150062533643
81,6.036161313726095
81,6.49081419372789
81,5.409140524801298
81,6.100083867870124
81,5.744063078167082
81,6.051681498143546
81,6.449644464015562
81,6.0467460707890766
81,5.372213706254883
81,5.705838057378953
81,5.810189517197093
81,5.764764229091744
82,5.810189517197093
82,6.49081419372789
82,6.449644464015562
82,5.68201065630058
82,5.705838057378953
82,5.409140524801298
82,6.146234339350999
82,5.744063078167082
82,5.372213706254883
82,6.584246684905703
82,6.367528840996934
82,5.598970096731315
83,5.598970096731315
83,6.449644464015562
83,6.367528840996934
83,5.705838057378953
83,5.409140524801298
83,5.372213706254883
83,6.146234339350999
83,5.810189517197093
83,5.68201065630058
83,6.584246684905703
83,6.653524355646988
83,5.954097602948859
83,5.635817654159064
83,6.431955192715826
84,5.705838057378953
84,6.449644464015562
84,6.431955192715826
84,6.584246684905703
84,5.954097602948859
84,5.635817654159064
84,5.810189517197093
84,5.598970096731315
84,6.653524355646988
84,5.970322885390146
84,5.721961445414336
84,6.9083583409336375
84,5.787445275912779
84,5.4787281061222615
85,5.635817654159064
85,6.584246684905703
85,6.431955192715826
85,5.954097602948859
85,5.787445275912779
85,6.9083583409336375
85,6.653524355646988
85,5.970322885390146
85,5.598970096731315
85,6.82610157824207
85,6.048255996459651
85,5.95755968906832
85,5.863271821679169
86,5.95755968906832
86,5.787445275912779
86,5.635817654159064
86,5.954097602948859
86,6.82610157824207
86,5.970322885390146
86,6.431955192715826
86,6.653524355646988
86,6.048255996459651
86,6.9083583409336375
86,5.863271821679169
86,6.192442880587882
86,6.595854291522254
86,6.826947180797026
86,5.448522551367245
86,5.558036581598657
87,6.82610157824207
87,5.448522551367245
87,5.558036581598657
87,6.192442880587882
87,5.787445275912779
87,6.595854291522254
87,6.9083583409336375
87,5.95755968906832
87,5.863271821679169
87,6.826947180797026
87,6.048255996459651
87,6.109994932142692
87,6.361718945679014
87,6.167907421839495
87,6.336357036735468
87,6.402857366261949
87,6.489147619176498
87,6.587347692246123
88,5.558036581598657
88,5.95755968906832
88,6.336357036735468
88,6.587347692246123
88,6.361718945679014
88,6.82610157824207
88,5.448522551367245
88,6.402857366261949
88,6.048255996459651
88,6.595854291522254
88,6.826947180797026
88,6.109994932142692
88,6.094311890972265
88,6.16014701560375
88,6.648414391109344
88,6.0432147544790595
88,5.738901813158517
88,6.569906844408176
89,6.569906844408176
89,6.0432147544790595
89,6.336357036735468
89,5.448522551367245
89,6.109994932142692
89,6.094311890972265
89,6.595854291522254
89,6.361718945679014
89,6.587347692246123
89,6.826947180797026
89,6.648414391109344
89,5.738901813158517
89,5.525414367119996
89,6.347335140264863
89,6.135380759542444
89,6.86081616736681
89,6.111287401775402
89,6.201422325231107
89,6.282761859514023
90,5.738901813158517
90,6.569906844408176
90,6.86081616736681
90,6.109994932142692
90,6.587347692246123
90,6.648414391109344
90,6.135380759542444
90,5.525414367119996
90,6.0432147544790595
90,6.282761859514023
90,6.336357036735468
90,5.741037549927158
90,6.316522707146342
90,6.180181057319913
90,7.2837391444325155
90,5.597419353908865
90,5.930301618560841
90,6.351168193136891
90,6.717608008257634
91,6.86081616736681
91,5.738901813158517
91,7.2837391444325155
91,6.648414391109344
91,6.569906844408176
91,6.316522707146342
91,6.351168193136891
91,6.180181057319913
91,6.135380759542444
91,5.741037549927158
91,6.0432147544790595
91,6.717608008257634
91,5.597419353908865
91,6.148714056534416
91,6.669353145841242
91,6.4744942445874125
91,6.185322768989451
91,6.698241580429155
91,6.436995502195932
91,6.174237142641108
91,5.809813856131843
91,5.809130382277605
92,5.597419353908865
92,6.669353145841242
92,5.809813856131843
92,6.4744942445874125
92,5.809130382277605
92,5.741037549927158
92,6.436995502195932
92,7.2837391444325155
92,6.86081616736681
92,6.717608008257634
92,6.1810874625478895
92,6.381004916433859
92,6.6781733620001145
92,6.122024483110452
92,5.572760500000855
92,6.453588332239878
93,5.809813856131843
93,6.4744942445874125
93,6.6781733620001145
93,6.717608008257634
93,6.436995502195932
93,5.741037549927158
93,6.122024483110452
93,5.572760500000855
93,5.597419353908865
93,6.1810874625478895
93,6.381004916433859
93,5.809130382277605
93,7.2837391444325155
93,6.453588332239878
93,5.495776939473709
93,6.607709325375718
93,5.890650697995348
93,6.312211933361753
93,6.933871060566068
93,6.926166352387093
93,6.241126919927738
94,5.809813856131843
94,6.241126919927738
94,6.4744942445874125
94,6.6781733620001145
94,6.607709325375718
94,5.809130382277605
94,6.122024483110452
94,6.453588332239878
94,5.572760500000855
94,6.933871060566068
94,6.381004916433859
94,5.495776939473709
94,5.890650697995348
94,6.436995502195932
94,6.02876147551827
94,7.2636444928475665
94,6.046326252803294
94,6.79401538983224
94,6.751401740536739
94,5.907063216873495
94,5.7134905510458545
94,5.775062376960752
95,6.79401538983224
95,6.933871060566068
95,5.495776939473709
95,6.6781733620001145
95,5.890650697995348
95,5.572760500000855
95,6.122024483110452
95,6.02876147551827
95,6.607709325375718
95,5.907063216873495
95,6.241126919927738
95,6.751401740536739
95,7.2636444928475665
95,6.381004916433859
95,5.7134905510458545
95,6.636392157738741
95,5.192361172875541
95,6.287420807282321
95,6.18438752142677
95,6.169924034529805
95,6.65643391727531
95,5.989368719140122
95,6.875997873885144
95,6.720954683953703
95,6.6420859510610395
96,6.875997873885144
96,6.933871060566068
96,5.890650697995348
96,5.192361172875541
96,6.169924034529805
96,6.79401538983224
96,6.18438752142677
96,7.2636444928475665
96,5.7134905510458545
96,5.989368719140122
96,5.495776939473709
96,5.83521058103363
96,5.852060827293269
96,5.327898427568171
96,6.208970686488846
96,6.243111280614515
97,6.79401538983224
97,6.243111280614515
97,6.875997873885144
97,5.83521058103363
97,7.2636444928475665
97,5.989368719140122
97,6.169924034529805
97,5.192361172875541
97,6.208970686488846
97,5.327898427568171
97,5.7134905510458545
97,5.965262097406034
97,5.537698307900421
97,6.849816983926562
97,6.26285868463943
97,5.652500347604781
97,6.09255763603205
97,6.253315011324246
97,5.654773284166198
98,5.192361172875541
98,5.965262097406034
98,5.83521058103363
98,6.875997873885144
98,6.169924034529805
98,6.253315011324246
98,5.537698307900421
98,5.652500347604781
98,6.849816983926562
98,5.327898427568171
98,6.208970686488846
98,5.654773284166198
98,6.243111280614515
98,6.501907123759621
98,5.479227562917162
98,6.354190994979459
98,5.937430002116102
98,6.411823102031705
98,5.539572784970253
98,6.61321539422275
99,5.327898427568171
99,6.61321539422275
99,5.479227562917162
99,5.83521058103363
99,5.937430002116102
99,5.539572784970253
99,6.501907123759621
99,6.849816983926562
99,6.459960530110496
99,5.569864463347914
99,5.970183441397468
99,5.961243285310378
99,6.105757625089914
100,6.105757625089914
100,6.849816983926562
100,5.479227562917162
100,5.539572784970253
100,6.459960530110496
100,5.970183441397468
100,6.61321539422275
100,6.501907123759621
100,5.961243285310378
100,5.569864463347914
100,6.343422854518223
100,6.376179685923672
100,5.787926823161045
100,6.113219915000486
100,5.7348559036279045
101,6.113219915000486
101,5.787926823161045
101,6.343422854518223
101,6.459960530110496
101,5.539572784970253
101,5.970183441397468
101,5.479227562917162
101,5.961243285310378
101,5.569864463347914
101,5.7348559036279045
101,6.105757625089914
101,6.61321539422275
101,6.376179685923672
101,5.510963464879898
101,6.67101471692439
101,5.766935314969675
101,5.595654402015196
101,6.068624330896775
101,5.98298720457411
101,6.254769349611189
102,6.459960530110496
102,6.113219915000486
102,5.510963464879898
102,6.343422854518223
102,5.787926823161045
102,6.376179685923672
102,5.766935314969675
102,6.67101471692439
102,5.595654402015196
102,5.98298720457411
102,6.260578559695285
102,5.7315273959645365
102,5.948203776423938
102,5.582884814590619
102,5.420300519927345
102,6.070088580445928
103,6.343422854518223
103,6.67101471692439
103,6.260578559695285
103,5.510963464879898
103,5.7315273959645365
103,5.766935314969675
103,5.948203776423938
103,6.376179685923672
103,5.787926823161045
103,5.582884814590619
103,6.113219915000486
103,5.595654402015196
103,6.070088580445928
103,5.98298720457411
103,5.420300519927345
103,6.0791272751036
103,6.327296058434803
103,5.687435284265961
103,5.568746851711574
103,6.764311928239756
103,6.385004433873302
103,6.490182158451171
103,6.243883639373977
103,6.135652186009824
104,6.260578559695285
104,6.327296058434803
104,5.98298720457411
104,5.568746851711574
104,6.385004433873302
104,5.582884814590619
104,5.687435284265961
104,5.510963464879898
104,6.764311928239756
104,6.67101471692439
104,5.420300519927345
104,6.427139276111897
104,6.1516164434548255
104,5.810436352455085
104,6.3535501797596945
104,5.653188981472236
104,5.882211793630684
104,6.189835149230185
104,5.5815287347674625
104,6.586966322801613
104,5.77653503523639
105,5.582884814590619
105,6.3535501797596945
105,5.420300519927345
105,5.568746851711574
105,6.586966322801613
105,5.5815287347674625
105,6.189835149230185
105,5.810436352455085
105,5.653188981472236
105,6.427139276111897
105,6.260578559695285
105,5.77653503523639
105,6.764311928239756
105,6.385004433873302
105,5.824034399478873
105,5.883874853096976
105,6.470908369408083
105,6.039296233564272
105,6.174329392654728
105,5.900756891426395
105,6.353019789943789
105,5.669200808153453
106,5.5815287347674625
106,5.568746851711574
106,5.77653503523639
106,5.900756891426395
106,5.669200808153453
106,6.385004433873302
106,6.189835149230185
106,6.586966322801613
106,6.764311928239756
106,5.653188981472236
106,6.470908369408083
106,5.3569302217000025
106,5.900842237168373
106,5.729514620483562
106,5.821520514838243
106,6.353996666052526
106,6.2150898832335555
106,5.6206310546530736
107,6.2150898832335555
107,6.353996666052526
107,6.586966322801613
107,5.900842237168373
107,6.189835149230185
107,5.821520514838243
107,5.3569302217000025
107,5.77653503523639
107,5.6206310546530736
107,6.470908369408083
107,5.5815287347674625
107,6.362432493030669
107,6.390040811895356
107,6.339332783168944
107,6.129431031789883
107,5.576195136861939
107,5.835380139874402
107,5.987519580315295
107,5.816894066228671
108,6.470908369408083
108,6.362432493030669
108,6.339332783168944
108,5.987519580315295
108,6.390040811895356
108,5.6206310546530736
108,5.821520514838243
108,5.576195136861939
108,6.2150898832335555
108,5.3569302217000025
108,5.816894066228671
108,5.690550504413482
108,5.986577248968385
108,5.9084030561625935
108,6.290246745855812
108,5.576395075615218
108,6.1978667689788915
109,5.576395075615218
109,5.987519580315295
109,5.6206310546530736
109,6.390040811895356
109,6.1978667689788915
109,6.290246745855812
109,6.2150898832335555
109,6.339332783168944
109,5.576195136861939
109,5.3569302217000025
109,5.9084030561625935
109,5.821520514838243
109,5.986577248968385
109,5.932248393059339
109,5.394655782524697
109,5.893715353120581
109,6.1669716252204
109,6.277208234143382
109,5.673021168797369
109,6.099888073866909
109,6.074677717894813
110,5.932248393059339
110,5.394655782524697
110,5.576195136861939
110,6.339332783168944
110,5.576395075615218
110,6.390040811895356
110,6.099888073866909
110,6.074677717894813
110,5.987519580315295
110,6.144235331637866
110,5.985115163895797
110,5.714091889950672
110,5.905321951805192
110,5.687216198482757
110,5.539813552733645
110,6.489265946677558
111,6.144235331637866
111,5.576395075615218
111,5.932248393059339
111,6.074677717894813
111,5.714091889950672
111,5.539813552733645
111,5.687216198482757
111,5.394655782524697
111,6.489265946677558
111,5.626588175962169
111,5.510350634667383
111,6.430997952586275
111,6.306128043821347
111,5.8925080569477695
111,5.8144468804270755
111,5.435461323167647
112,5.394655782524697
112,6.306128043821347
112,5.626588175962169
112,5.510350634667383
112,5.539813552733645
112,5.714091889950672
112,6.074677717894813
112,5.435461323167647
112,6.489265946677558
112,5.8144468804270755
112,5.932248393059339
112,6.144235331637866
112,5.8925080569477695
112,5.582964947174585
112,5.825574990896189
112,6.0282596273303275
112,5.707320938896082
112,5.674569277532287
112,5.614404741831145
112,6.3649506010367585
112,6.321946636890865
112,6.045511746184013
112,5.823662321228685
113,6.045511746184013
113,5.8144468804270755
113,5.614404741831145
113,5.626588175962169
113,6.489265946677558
113,6.3649506010367585
113,5.435461323167647
113,5.539813552733645
113,6.306128043821347
113,6.321946636890865
113,5.510350634667383
113,6.296659776605805
113,6.239015024542893
113,5.941564642824081
113,6.281431280638812
113,5.78406834501742
113,5.847818444736945
113,5.545455247495691
113,5.596093963197663
114,5.847818444736945
114,5.626588175962169
114,5.510350634667383
114,5.545455247495691
114,6.321946636890865
114,5.8144468804270755
114,6.296659776605805
114,6.3649506010367585
114,5.435461323167647
114,6.281431280638812
114,6.239015024542893
114,6.306128043821347
114,5.614404741831145
114,6.251011741884635
114,5.4434888651720685
114,5.984960664746631
114,5.908817250277975
114,6.1824375352744925
114,5.714022272918057
114,6.594261874359003
114,5.473473602681361
115,6.594261874359003
115,5.473473602681361
115,5.545455247495691
115,6.1824375352744925
115,5.4434888651720685
115,6.251011741884635
115,6.321946636890865
115,6.281431280638812
115,5.847818444736945
115,6.3649506010367585
115,6.20868327674943
115,5.371596851083436
115,6.185028859052943
115,5.6211353611413
115,6.433728916183996
115,5.463460482143944
115,6.176937941938369
116,6.594261874359003
116,6.433728916183996
116,6.176937941938369
116,6.251011741884635
116,6.281431280638812
116,6.1824375352744925
116,5.463460482143944
116,5.545455247495691
116,5.4434888651720685
116,5.847818444736945
116,5.473473602681361
116,6.20868327674943
116,5.371596851083436
116,6.366847966556143
116,6.337625614231407
116,5.906600694986919
116,6.505597443814886
116,5.541490867667147
116,6.183575731459554
116,5.888040731244453
117,6.433728916183996
117,6.183575731459554
117,5.473473602681361
117,5.371596851083436
117,6.20868327674943
117,5.888040731244453
117,5.463460482143944
117,6.366847966556143
117,6.251011741884635
117,5.4434888651720685
117,6.594261874359003
117,5.906600694986919
117,6.176937941938369
117,6.6370074944879995
117,5.729481862637964
117,6.259045235448089
117,6.184777806594475
117,6.124767711729211
117,5.987412697601516
118,6.433728916183996
118,5.729481862637964
118,5.987412697601516
118,6.6370074944879995
118,6.366847966556143
118,6.176937941938369
118,5.371596851083436
118,6.259045235448089
118,6.124767711729211
118,6.20868327674943
118,5.463460482143944
118,5.696361240309159
118,5.482000083730108
118,6.490554855788146
118,6.090068780857725
118,6.140157110509122
118,5.333167044763895
119,5.482000083730108
119,6.259045235448089
119,6.140157110509122
119,5.333167044763895
119,5.696361240309159
119,6.090068780857725
119,5.987412697601516
119,6.6370074944879995
119,5.729481862637964
119,6.490554855788146
119,6.157649623111998
119,5.943493252348038
119,5.723022059910686
119,5.878711791663758
119,6.372503814089629
120,5.729481862637964
120,6.372503814089629
120,6.490554855788146
120,6.259045235448089
120,5.987412697601516
120,5.696361240309159
120,6.140157110509122
120,5.723022059910686
120,5.482000083730108
120,6.090068780857725
120,5.943493252348038
120,5.878711791663758
120,6.6370074944879995
120,6.126936165361716
120,6.168124297224204
120,5.949106265087602
120,6.200458437389327
121,6.372503814089629
121,5.949106265087602
121,5.723022059910686
121,6.140157110509122
121,5.482000083730108
121,5.696361240309159
121,5.943493252348038
121,6.490554855788146
121,6.126936165361716
121,6.200458437389327
121,6.090068780857725
121,6.329075403880383
121,5.948319844894726
121,6.111621857757651
121,5.940786627526619
121,6.159084710439109
122,5.949106265087602
122,5.943493252348038
122,6.159084710439109
122,6.126936165361716
122,5.723022059910686
122,6.372503814089629
122,6.329075403880383
122,5.940786627526619
122,6.042137583463558
122,6.085631794638002
122,6.359237328628082
123,5.949106265087602
123,6.159084710439109
123,5.940786627526619
123,6.329075403880383
123,6.126936165361716
123,6.085631794638002
123,6.042137583463558
123,6.370201916578495
123,6.166153543557083
124,6.329075403880383
124,6.370201916578495
124,5.940786627526619
124,6.042137583463558
124,6.085631794638002
124,6.159084710439109
124,6.166153543557083
124,5.947413190808766
124,6.114571008828398
125,6.085631794638002
125,6.114571008828398
125,6.042137583463558
125,5.947413190808766
125,6.166153543557083
125,6.370201916578495
125,6.159432189385419
125,5.949893352222159
126,6.370201916578495
126,5.947413190808766
126,5.949893352222159
126,6.166153543557083
126,6.159432189385419
126,6.114571008828398
126,6.103268110546178
126,6.3347920488785086
126,6.082945157724711
127,5.949893352222159
127,6.3347920488785086
127,6.082945157724711
127,6.103268110546178
127,5.947413190808766
127,6.159432189385419
127,6.114571008828398
127,6.384542165520962
127,6.392811551414511
127,6.333125658358269
127,6.23257855877094
127,5.93776569852882
128,5.949893352222159
128,6.082945157724711
128,6.3347920488785086
128,6.159432189385419
128,6.392811551414511
128,6.23257855877094
128,5.93776569852882
128,6.333125658358269
128,6.384542165520962
128,6.103268110546178
128,5.774663005336769
128,6.115950259054405
128,5.929048264253093
128,6.413252317139553
128,6.423866697124615
128,6.191639639749639
129,6.3347920488785086
129,5.774663005336769
129,6.423866697124615
129,6.413252317139553
129,6.103268110546178
129,5.929048264253093
129,6.115950259054405
129,6.392811551414511
129,6.384542165520962
129,6.082945157724711
129,5.93776569852882
129,6.191639639749639
129,6.3278058010336125
129,5.9107021416604875
129,6.578014788783783
129,5.8101615862445755
129,6.107664230052807
129,6.302467667213159
129,6.57587077015363
129,6.012833523526888
129,5.891198753046558
129,6.244617713076367
130,5.929048264253093
130,5.93776569852882
130,6.423866697124615
130,5.891198753046558
130,5.9107021416604875
130,6.244617713076367
130,6.57587077015363
130,5.8101615862445755
130,6.392811551414511
130,5.781120729556842
130,6.100840236336908
130,6.110462716309956
130,6.0437581684725155
130,5.964697144319738
131,6.57587077015363
131,6.110462716309956
131,5.781120729556842
131,5.8101615862445755
131,5.964697144319738
131,6.244617713076367
131,6.0437581684725155
131,5.9107021416604875
131,5.891198753046558
131,6.423866697124615
131,5.929048264253093
131,6.712993856423448
131,6.214300877836154
131,6.414446205772024
131,6.063359945896464
131,6.128009562038626
131,6.621977362463208
132,6.214300877836154
132,6.110462716309956
132,6.621977362463208
132,6.712993856423448
132,6.128009562038626
132,5.781120729556842
132,6.414446205772024
132,5.891198753046558
132,6.0437581684725155
132,6.244617713076367
132,6.063359945896464
132,5.8101615862445755
132,6.57587077015363
132,5.964697144319738
132,6.56003696401763
132,6.70931593170718
132,5.788095627202453
132,6.068866393182623
132,6.292459930909862
132,6.173686761131772
132,6.538139366663006
132,6.339994424856906
133,5.781120729556842
133,6.063359945896464
133,6.70931593170718
133,6.414446205772024
133,5.788095627202453
133,5.516822193864844
133,5.860159946715194
133,5.995428305415109
133,6.091119718486116
134,6.70931593170718
134,5.860159946715194
134,5.995428305415109
134,6.063359945896464
134,6.091119718486116
134,5.516822193864844
134,6.414446205772024
134,5.727658534038126
134,5.943666052863832
134,5.869166980601178
134,6.239587928623805
135,5.727658534038126
135,5.943666052863832
135,5.516822193864844
135,6.091119718486116
135,5.860159946715194
135,6.239587928623805
135,5.995428305415109
135,5.869166980601178
135,6.70931593170718
135,6.077149553007526
135,5.784805176393711
135,6.313806754047681
135,5.678226019346665
135,6.09571788376489
136,5.678226019346665
136,5.784805176393711
136,6.091119718486116
136,5.860159946715194
136,6.077149553007526
136,5.516822193864844
136,6.09571788376489
136,5.727658534038126
136,5.943666052863832
136,5.869166980601178
136,5.995428305415109
136,6.313806754047681
136,5.881890296385121
136,6.307946889064645
136,5.880671616548794
136,5.913472041147405
136,5.864487408146099
136,6.126376791048386
137,6.307946889064645
137,6.313806754047681
137,5.678226019346665
137,6.126376791048386
137,6.077149553007526
137,6.01682088402082
137,6.30266487810909
137,5.794448992443025
137,6.148089533292806
138,5.794448992443025
138,6.01682088402082
138,6.313806754047681
138,6.148089533292806
138,6.126376791048386
138,5.678226019346665
138,5.800521629748271
138,6.498951982522019
138,5.911020788552212
138,5.757541844996524
139,5.757541844996524
139,5.911020788552212
139,6.498951982522019
139,6.148089533292806
139,6.126376791048386
139,5.800521629748271
139,5.794448992443025
139,6.074213222657848
139,6.092318909525235
139,5.8742258932472495
140,6.498951982522019
140,6.148089533292806
140,5.911020788552212
140,5.757541844996524
140,5.8742258932472495
140,6.074213222657848
140,5.800521629748271
140,6.070926581800289
140,6.354469136365453
140,6.03531144130739
141,5.757541844996524
141,6.354469136365453
141,6.074213222657848
141,5.800521629748271
141,6.498951982522019
141,5.8742258932472495
141,6.03531144130739
141,6.070926581800289
141,5.911020788552212
141,5.828953458694376
141,6.4577121574062435
141,6.218984180946893
141,6.456378753434061
142,5.828953458694376
142,6.456378753434061
142,6.4577121574062435
142,6.074213222657848
142,6.354469136365453
142,5.8742258932472495
142,6.03531144130739
142,6.070926581800289
142,6.352790378396568
142,5.8371580871724325
142,6.089070166984232
142,5.849898154147933
143,6.456378753434061
143,5.8371580871724325
143,6.354469136365453
143,5.828953458694376
143,6.089070166984232
143,6.352790378396568
143,6.4577121574062435
143,5.849898154147933
143,6.070926581800289
143,6.03531144130739
143,6.297334356804729
143,5.657513554910115
143,6.34524055831383
143,6.256962198351066
143,6.049320119770943
143,6.607476885874242
144,5.849898154147933
144,6.256962198351066
144,5.657513554910115
144,6.352790378396568
144,6.607476885874242
144,5.828953458694376
144,6.456378753434061
144,6.34524055831383
144,6.297334356804729
144,6.4577121574062435
144,5.8371580871724325
144,6.274062579633615
144,6.1418792360071555
144,6.452474343915399
144,6.189360881068054
144,5.997315554425928
144,6.180018285002997
145,5.849898154147933
145,5.997315554425928
145,5.8371580871724325
145,6.256962198351066
145,6.189360881068054
145,6.297334356804729
145,6.1418792360071555
145,6.607476885874242
145,6.452474343915399
145,6.352790378396568
145,5.657513554910115
145,6.114905312464463
145,6.131088511799945
145,6.220180672093133
145,6.351813845895954
145,6.204543503200386
145,6.469014987252337
145,6.612758010999315
145,6.512712108868568
145,5.733948957215114
146,6.607476885874242
146,6.1418792360071555
146,6.189360881068054
146,5.657513554910115
146,5.733948957215114
146,6.469014987252337
146,6.114905312464463
146,6.612758010999315
146,6.512712108868568
146,6.220180672093133
146,5.997315554425928
146,6.150199993105767
146,6.174174219504924
146,5.7048271269181505
146,5.981566760483582
146,6.1194458952157795
146,6.429988624247079
146,6.118819543739669
147,6.150199993105767
147,5.997315554425928
147,6.1194458952157795
147,6.114905312464463
147,5.733948957215114
147,6.220180672093133
147,6.174174219504924
147,6.429988624247079
147,6.1418792360071555
147,6.612758010999315
147,6.118819543739669
147,5.7048271269181505
147,6.469014987252337
147,6.512712108868568
147,5.830112413042438
147,6.1535436849689535
147,6.477124619151722
147,6.371454033076481
147,6.05044738885163
147,5.783486158162019
147,6.507092943402741
148,6.507092943402741
148,5.830112413042438
148,6.469014987252337
148,6.371454033076481
148,6.429988624247079
148,6.512712108868568
148,5.733948957215114
148,5.7048271269181505
148,6.398203759965513
148,6.243601588314073
148,6.117403862613499
149,6.507092943402741
149,6.243601588314073
149,5.7048271269181505
149,5.830112413042438
149,6.429988624247079
149,6.371454033076481
149,6.398203759965513
149,6.117403862613499
149,6.52334131538752
149,5.605509728438361
149,6.359315632890961
149,6.600846228627898
149,5.643455222931869
150,6.600846228627898
150,5.830112413042438
150,6.398203759965513
150,6.371454033076481
150,5.643455222931869
150,5.605509728438361
150,6.52334131538752
150,6.507092943402741
150,6.359315632890961
150,6.243601588314073
150,6.117403862613499
150,5.702957682906866
150,6.147943321944931
150,5.957432593367336
150,6.645644797477531
150,6.477804638293686
150,6.457443957667402
150,6.315865469238306
151,5.643455222931869
151,6.117403862613499
151,5.605509728438361
151,6.477804638293686
151,6.645644797477531
151,5.702957682906866
151,6.600846228627898
151,6.398203759965513
151,5.957432593367336
151,6.147943321944931
151,6.214593879670953
151,5.471181871845657
151,5.745973515518478
151,6.838990971832273
151,6.378313022529776
151,6.496738359832326
151,5.560355425064623
152,5.605509728438361
152,6.496738359832326
152,6.600846228627898
152,5.745973515518478
152,5.643455222931869
152,6.147943321944931
152,6.645644797477531
152,6.378313022529776
152,6.214593879670953
152,5.471181871845657
152,6.477804638293686
152,5.702957682906866
152,5.957432593367336
152,5.560355425064623
152,6.838990971832273
152,6.183011898841432
152,5.627526202887569
152,6.8811067249007865
152,6.662518090830413
152,6.0474450684023
152,5.9844371858079715
152,5.446142591477324
153,6.378313022529776
153,5.446142591477324
153,5.560355425064623
153,6.838990971832273
153,5.471181871845657
153,6.8811067249007865
153,5.627526202887569
153,5.870194418749036
153,5.909161240506525
153,5.540249998141484
153,6.534358317249712
153,6.151266322131057
154,5.627526202887569
154,5.540249998141484
154,5.560355425064623
154,6.151266322131057
154,6.838990971832273
154,6.534358317249712
154,6.8811067249007865
154,6.378313022529776
154,5.870194418749036
154,5.471181871845657
154,5.909161240506525
154,6.064905470798464
154,6.2525482723049635
154,6.109536047587533
154,6.057657787569572
154,6.113557857473714
154,5.615514362794284
154,6.493780347242632
155,6.057657787569572
155,6.2525482723049635
155,6.493780347242632
155,5.909161240506525
155,6.064905470798464
155,6.109536047587533
155,5.615514362794284
155,6.534358317249712
155,5.870194418749036
155,5.540249998141484
155,6.151266322131057
155,5.627526202887569
155,6.136712828842984
155,6.280081036195915
155,6.793115595146254
155,5.661192337364187
155,5.744248769540958
155,5.999235718362353
155,5.994276825627628
156,6.109536047587533
156,5.909161240506525
156,6.534358317249712
156,5.540249998141484
156,6.493780347242632
156,5.744248769540958
156,5.999235718362353
156,6.136712828842984
156,6.280081036195915
156,6.793115595146254
156,5.615514362794284
156,5.870194418749036
156,5.700985808257412
156,6.08912846112371
156,5.9363145801453445
156,6.308150410475871
156,5.961953743171237
156,6.595076667637927
157,5.744248769540958
157,6.793115595146254
157,6.493780347242632
157,5.615514362794284
157,6.308150410475871
157,6.08912846112371
157,6.136712828842984
157,6.595076667637927
157,6.280081036195915
157,6.109536047587533
157,5.700985808257412
157,6.2623701236853995
157,6.328994084169849
157,6.426294793043359
157,5.898915205128207
157,6.03234179100382
158,5.744248769540958
158,6.793115595146254
158,6.03234179100382
158,6.595076667637927
158,6.426294793043359
158,5.898915205128207
158,6.2623701236853995
158,5.700985808257412
158,6.308150410475871
158,6.08912846112371
158,6.136712828842984
158,5.683095174209852
158,6.178182429011581
158,7.138310150811384
158,6.7684488193803425
158,5.836994192632042
158,6.5250699853665415
158,5.76750128771603
159,6.178182429011581
159,7.138310150811384
159,6.08912846112371
159,6.03234179100382
159,5.836994192632042
159,6.595076667637927
159,5.700985808257412
159,6.5250699853665415
159,5.76750128771603
159,6.7684488193803425
159,5.683095174209852
159,5.898915205128207
159,5.968205382241267
159,6.340910876352972
159,5.834870591290024
159,6.7449661118787345
159,6.410191390044681
159,6.748825082131417
159,6.02058968123856
159,5.630365037881339
159,6.249761483265909
160,6.7449661118787345
160,6.7684488193803425
160,5.836994192632042
160,5.683095174209852
160,6.410191390044681
160,7.138310150811384
160,6.249761483265909
160,5.630365037881339
160,6.5250699853665415
160,6.02058968123856
160,6.03234179100382
160,7.08939962999495
160,6.882827743141002
160,5.901044425857808
160,6.074930906077362
160,6.244352949322289
160,6.510183036668932
160,6.008999929553159
160,6.103295615600914
161,6.410191390044681
161,6.7449661118787345
161,5.630365037881339
161,7.138310150811384
161,6.5250699853665415
161,5.683095174209852
161,6.7684488193803425
161,5.901044425857808
161,5.836994192632042
161,6.882827743141002
161,6.074930906077362
161,7.08939962999495
161,6.02058968123856
161,6.731977481932615
161,6.030753395083624
161,6.054457401531052
161,6.751987964423019
161,6.497299112328198
161,6.508017416107954
161,6.125526812744122
162,6.497299112328198
162,6.030753395083624
162,7.08939962999495
162,6.751987964423019
162,6.074930906077362
162,6.125526812744122
162,5.630365037881339
162,6.054457401531052
162,6.882827743141002
162,5.901044425857808
162,5.747852035274815
162,6.162923018882237
162,6.601634381513317
162,6.652953223082142
162,6.629703265354047
162,6.624382139027614
162,6.280634230827907
162,6.637911144422543
163,6.882827743141002
163,6.652953223082142
163,6.629703265354047
163,6.751987964423019
163,6.074930906077362
163,5.901044425857808
163,6.624382139027614
163,7.08939962999495
163,6.125526812744122
163,6.054457401531052
163,6.030753395083624
163,6.280634230827907
163,6.601634381513317
163,6.227202151501193
163,6.778477300299426
163,6.498354582325824
163,6.7881705817666695
163,5.996929291027016
163,5.675374128775294
163,6.65396854796277
163,6.372079149418606
163,6.270178144052562
164,5.996929291027016
164,5.675374128775294
164,6.280634230827907
164,6.054457401531052
164,6.498354582325824
164,6.624382139027614
164,6.270178144052562
164,6.131562202007564
164,6.079369176859102
164,5.528375652419706
164,6.752842836924693
165,5.996929291027016
165,6.280634230827907
165,5.528375652419706
165,6.624382139027614
165,6.079369176859102
165,6.752842836924693
165,6.270178144052562
165,6.498354582325824
165,6.131562202007564
165,6.054824534713981
165,5.8851833939410705
165,6.447100461624693
165,5.71612354142973
166,6.270178144052562
166,6.131562202007564
166,5.996929291027016
166,6.447100461624693
166,6.079369176859102
166,6.752842836924693
166,5.71612354142973
166,5.8851833939410705
166,6.054824534713981
166,6.498354582325824
166,6.157135088260415
166,6.79436595827918
166,5.920822851425859
166,6.538047328423053
166,6.175746104302592
167,5.920822851425859
167,6.752842836924693
167,5.71612354142973
167,6.079369176859102
167,6.054824534713981
167,6.131562202007564
167,6.538047328423053
167,6.175746104302592
167,6.447100461624693
167,6.79436595827918
167,6.157135088260415
167,6.22170283640864
167,6.356621116352164
167,6.261274248957672
167,6.039512949405821
167,5.901614490536605
168,6.356621116352164
168,5.71612354142973
168,6.175746104302592
168,6.538047328423053
168,6.261274248957672
168,6.447100461624693
168,5.920822851425859
168,6.054824534713981
168,6.157135088260415
168,6.79436595827918
168,5.901614490536605
168,6.22170283640864
168,6.201839070559882
168,6.057746144522188
168,6.152945943835062
168,6.324209926436828
168,6.147002104975938
168,6.923451304557863
168,6.272066476888192
169,6.147002104975938
169,6.356621116352164
169,6.22170283640864
169,6.538047328423053
169,6.272066476888192
169,5.901614490536605
169,6.79436595827918
169,5.920822851425859
169,6.923451304557863
169,6.75797720388814
169,6.284543984101711
169,6.982017044159848
169,6.479674864974712
169,6.068707364897971
169,6.550610831445881
170,6.068707364897971
170,6.356621116352164
170,6.479674864974712
170,6.22170283640864
170,6.75797720388814
170,6.284543984101711
170,6.982017044159848
170,5.901614490536605
170,6.147002104975938
170,6.272066476888192
170,6.550610831445881
170,5.983592593880869
170,6.558121554481048
170,6.571349931898209
170,6.415572308212695
170,6.50454678380784
171,5.983592593880869
171,6.50454678380784
171,6.068707364897971
171,6.982017044159848
171,6.147002104975938
171,6.75797720388814
171,6.924318331552371
171,6.1635467313851535
171,6.258507825077822
171,6.146623433065729
172,6.146623433065729
172,6.50454678380784
172,6.982017044159848
172,5.983592593880869
172,6.258507825077822
172,6.068707364897971
172,6.924318331552371
172,6.1635467313851535
172,6.75797720388814
172,6.214111780143772
172,6.39070575496965
172,6.467213022707929
172,6.20986613996368
173,6.146623433065729
173,5.983592593880869
173,6.258507825077822
173,6.20986613996368
173,6.467213022707929
173,6.39070575496965
173,6.1635467313851535
173,6.214111780143772
173,6.50454678380784
173,5.723892157846884
173,6.121261451656136
173,5.989621404406371
173,6.414621830602185
174,6.467213022707929
174,6.414621830602185
174,6.258507825077822
174,5.989621404406371
174,6.214111780143772
174,6.39070575496965
174,6.20986613996368
174,6.1635467313851535
174,5.723892157846884
174,6.146623433065729
174,5.858486343724108
174,6.282088161578418
174,6.40805905290276
174,6.518829689684105
174,6.445282836873553
174,6.0726590843006045
174,6.116012104771257
175,6.445282836873553
175,6.0726590843006045
175,5.723892157846884
175,5.858486343724108
175,6.518829689684105
175,6.414621830602185
175,5.989621404406371
175,6.467213022707929
175,6.116012104771257
175,5.945838932013608
175,6.301880662185986
175,6.353171949859137
175,5.832556613164653
175,6.738396812029566
175,6.445275154247804
175,5.996793629277802
176,5.858486343724108
176,5.989621404406371
176,6.116012104771257
176,6.445282836873553
176,6.301880662185986
176,6.414621830602185
176,5.945838932013608
176,6.353171949859137
176,6.0726590843006045
176,5.996793629277802
176,6.738396812029566
176,6.518829689684105
176,5.832556613164653
176,6.445275154247804
176,6.377884395551455
176,6.026420836632015
176,6.111268580043245
176,6.451777748904822
176,6.090244255713975
176,5.57438554981202
176,6.572473148225335
176,6.357247727912644
176,6.880863325013454
177,6.518829689684105
177,5.858486343724108
177,6.880863325013454
177,5.57438554981202
177,5.832556613164653
177,6.451777748904822
177,5.996793629277802
177,6.738396812029566
177,6.116012104771257
177,6.153664328207952
177,5.703813031181651
177,6.540716652672108
177,6.852683766915448
177,6.184208109041666
177,6.352846080865792
177,6.475383136123365
177,5.935209463647991
178,5.57438554981202
178,6.475383136123365
178,6.184208109041666
178,6.352846080865792
178,5.703813031181651
178,6.738396812029566
178,5.832556613164653
178,6.880863325013454
178,6.540716652672108
178,5.996793629277802
178,6.852683766915448
178,5.935209463647991
178,6.0321287847324125
178,6.297017373408814
178,6.019701824376559
178,6.382814151573779
178,6.511592012299117
178,5.974982190428184
178,6.3811865770269725
179,5.935209463647991
179,6.382814151573779
179,6.880863325013454
179,6.297017373408814
179,6.019701824376559
179,6.352846080865792
179,5.57438554981202
179,6.3811865770269725
179,5.703813031181651
179,6.540716652672108
179,6.852683766915448
179,6.383398590433639
179,5.685068019486042
179,6.178621628164959
179,6.006633353084074
179,5.899088515178649
180,6.382814151573779
180,6.006633353084074
180,6.540716652672108
180,5.935209463647991
180,6.383398590433639
180,6.297017373408814
180,6.019701824376559
180,6.852683766915448
180,6.352846080865792
180,5.703813031181651
180,5.899088515178649
180,6.197110776632163
180,6.166852274566319
181,6.166852274566319
181,6.382814151573779
181,6.297017373408814
181,6.006633353084074
181,6.383398590433639
181,6.019701824376559
181,6.197110776632163
181,5.899088515178649
181,6.188327788175334
181,6.080256449125212
181,5.796539799198776
182,6.006633353084074
182,6.188327788175334
182,6.383398590433639
182,5.796539799198776
182,6.166852274566319
182,6.197110776632163
182,6.080256449125212
182,5.899088515178649
182,6.197673405295658
182,6.504915146052726
182,5.938954297884583
182,6.113299176515298
183,6.080256449125212
183,6.113299176515298
183,6.197673405295658
183,6.504915146052726
183,6.188327788175334
183,6.166852274566319
183,6.197110776632163
183,5.796539799198776
183,5.938954297884583
183,5.844676229478796
183,5.985563101779413
183,5.824343898564018
183,5.989806716273173
183,5.717890968660441
183,6.198931818507596
184,5.985563101779413
184,6.188327788175334
184,5.989806716273173
184,5.796539799198776
184,6.113299176515298
184,5.824343898564018
184,6.504915146052726
184,6.197673405295658
184,5.717890968660441
184,5.938954297884583
184,5.9029104477085275
184,5.781854995656514
184,6.224118676292968
184,5.819740109499659
184,6.46602178153709
185,5.938954297884583
185,6.46602178153709
185,6.224118676292968
185,5.781854995656514
185,5.989806716273173
185,5.819740109499659
185,6.197673405295658
185,6.504915146052726
185,5.9029104477085275
185,5.717890968660441
185,6.252808442057276
185,6.451752284268103
185,5.775498232380205
185,6.406258761482184
185,6.537224094079168
186,5.781854995656514
186,6.224118676292968
186,5.989806716273173
186,6.451752284268103
186,5.717890968660441
186,6.46602178153709
186,6.537224094079168
186,5.819740109499659
186,5.775498232380205
186,6.252808442057276
186,5.638370932189226
186,6.286749131385421
186,6.147512989894282
186,5.754517579704262
186,6.1650784141595345
186,6.117131961168461
187,5.775498232380205
187,6.1650784141595345
187,6.286749131385421
187,6.46602178153709
187,6.252808442057276
187,5.638370932189226
187,5.754517579704262
187,5.781854995656514
187,5.819740109499659
187,6.537224094079168
187,6.451752284268103
187,6.544878445792882
187,5.920111789045404
187,6.3673774011241155
187,5.538568122330295
187,5.743585206070327
187,6.034655040139141
187,5.959480615138465
187,6.665619938280485
188,5.538568122330295
188,5.959480615138465
188,5.638370932189226
188,6.537224094079168
188,5.743585206070327
188,6.665619938280485
188,6.1650784141595345
188,6.286749131385421
188,6.034655040139141
188,5.775498232380205
188,6.451752284268103
188,5.884399868146139
188,6.191040212245578
188,6.622465770452624
188,6.163232043929689
188,6.385731423251642
188,6.173590977617006
188,6.118530359681355
188,6.391461849437397
189,6.665619938280485
189,6.118530359681355
189,6.173590977617006
189,6.1650784141595345
189,6.385731423251642
189,5.743585206070327
189,5.638370932189226
189,6.391461849437397
189,6.286749131385421
189,6.622465770452624
189,6.163232043929689
189,5.884399868146139
189,5.538568122330295
189,6.125647440531171
189,6.182036715757561
189,5.816143495267436
189,6.1233846378310055
189,5.633989657402278
189,5.952489356831498
189,6.170014899726437
189,6.026301892572964
189,6.005689482292119
190,6.391461849437397
190,6.622465770452624
190,5.816143495267436
190,5.952489356831498
190,6.1233846378310055
190,5.633989657402278
190,5.743585206070327
190,6.665619938280485
190,6.026301892572964
190,5.538568122330295
190,6.306021404288033
190,6.448951187270277
190,5.889395474045112
190,5.770123747972858
190,5.698215522398033
190,6.179624978705129
190,5.978552190823436
191,5.889395474045112
191,5.770123747972858
191,5.978552190823436
191,6.179624978705129
191,5.698215522398033
191,5.633989657402278
191,6.1233846378310055
191,5.952489356831498
191,6.391461849437397
191,6.306021404288033
191,5.816143495267436
191,6.448951187270277
191,6.182075233144336
191,6.0261835303502025
191,5.620301464105257
191,5.753737096234637
191,5.82591571763319
191,6.3789339635782785
191,6.296693765146836
191,6.4931310727340055
191,5.457377303890601
192,5.698215522398033
192,5.753737096234637
192,5.620301464105257
192,6.296693765146836
192,6.0261835303502025
192,5.457377303890601
192,6.3789339635782785
192,5.952489356831498
192,5.978552190823436
192,6.448951187270277
192,5.633989657402278
192,6.4931310727340055
192,5.311848101022286
192,6.0172886280958355
192,6.0167960275989465
192,6.017680194159603
192,6.332394847476637
192,6.217718548602331
192,5.982334172674182
192,6.081737168415044
193,6.332394847476637
193,6.0167960275989465
193,5.982334172674182
193,6.296693765146836
193,5.753737096234637
193,6.3789339635782785
193,5.311848101022286
193,5.978552190823436
193,6.448951187270277
193,6.0261835303502025
193,5.457377303890601
193,5.620301464105257
193,6.4931310727340055
193,6.089555608723902
193,6.438276782053425
193,6.532640872005589
193,6.177520402741248
193,5.65807683660243
193,6.20697269868764
193,5.380743364601491
193,6.1092948601143835
193,6.888641424119307
194,6.296693765146836
194,6.4931310727340055
194,5.620301464105257
194,5.65807683660243
194,6.1092948601143835
194,5.311848101022286
194,5.982334172674182
194,5.380743364601491
194,5.457377303890601
194,6.532640872005589
194,6.0167960275989465
194,6.0261835303502025
194,6.888641424119307
194,5.753737096234637
194,6.198736199162393
194,6.012855065282965
194,5.6871609284832765
194,5.294189126660035
194,5.839432573659119
194,5.98018928813769
194,6.374994042469243
194,5.68733561209527
195,6.1092948601143835
195,5.98018928813769
195,5.294189126660035
195,6.012855065282965
195,5.65807683660243
195,5.380743364601491
195,5.839432573659119
195,6.888641424119307
195,5.6871609284832765
195,6.198736199162393
195,5.311848101022286
195,6.532640872005589
195,5.941300580262488
195,5.566614821055008
195,6.082411993217484
195,5.15076075462328
195,5.71759907496145
195,6.447507366666953
195,6.370561876132642
195,5.391075358080696
195,6.116641666649443
195,6.208265448526025
196,5.941300580262488
196,5.839432573659119
196,6.082411993217484
196,5.294189126660035
196,6.888641424119307
196,5.15076075462328
196,6.198736199162393
196,5.391075358080696
196,6.532640872005589
196,6.370561876132642
196,5.566614821055008
196,6.116641666649443
196,5.6871609284832765
196,5.582424666469325
196,5.631390689157794
196,5.8422081277708084
196,5.61975906871046
196,6.396556827406411
196,5.728156628835417
196,5.830254691981738
196,5.965865145301506
196,6.1475811174068165
196,5.595209537422375
197,5.965865145301506
197,5.582424666469325
197,6.370561876132642
197,5.631390689157794
197,5.15076075462328
197,6.1475811174068165
197,6.396556827406411
197,5.566614821055008
197,6.082411993217484
197,5.294189126660035
197,5.391075358080696
197,6.462055328879453
197,5.614358791854418
197,5.167328143114085
197,6.006749524355536
197,6.261406969004899
197,5.521540357963677
197,5.460070864976458
197,5.931789941071541
198,5.391075358080696
198,5.167328143114085
198,5.965865145301506
198,5.521540357963677
198,5.566614821055008
198,6.370561876132642
198,5.460070864976458
198,5.614358791854418
198,5.931789941071541
198,6.082411993217484
198,5.15076075462328
198,6.462055328879453
198,5.582424666469325
198,6.1475811174068165
198,6.261406969004899
198,5.631390689157794
198,6.050313713838288
198,6.064806390267506
198,5.298070283714404
198,5.875925352717898
198,5.371430844875551
198,5.57237215648545
198,5.447999410221303
198,6.343727839165978
198,6.045000948565635
199,5.167328143114085
199,5.931789941071541
199,5.447999410221303
199,6.462055328879453
199,6.1475811174068165
199,5.631390689157794
199,6.064806390267506
199,6.045000948565635
199,6.343727839165978
199,5.393060586218693
199,5.607634380891999
199,6.396886541392181
199,5.608765879814689
199,5.796777214073268
199,6.225211040399921
200,6.045000948565635
200,5.931789941071541
200,6.225211040399921
200,5.447999410221303
200,5.393060586218693
200,5.167328143114085
200,6.462055328879453
200,6.064806390267506
200,6.396886541392181
200,5.608765879814689
200,5.796777214073268
200,6.343727839165978
200,6.347044228525662
200,6.003263318551932
200,5.243485501920059
200,6.189363332121457
200,6.202552188962879
200,5.3104789447897485
201,6.396886541392181
201,6.003263318551932
201,5.393060586218693
201,5.3104789447897485
201,5.608765879814689
201,5.796777214073268
201,5.447999410221303
201,6.189363332121457
201,6.225211040399921
201,6.202552188962879
201,6.343727839165978
201,5.243485501920059
201,6.064806390267506
201,6.347044228525662
201,6.311658515031106
201,6.396416819634968
201,5.834293694306546
201,5.705896350991567
201,5.956055322240407
201,5.781553511712798
201,6.0786973259104515
201,6.3454045612866405
202,5.608765879814689
202,5.393060586218693
202,6.202552188962879
202,5.243485501920059
202,6.347044228525662
202,5.781553511712798
202,5.956055322240407
202,5.3104789447897485
202,5.705896350991567
202,6.311658515031106
202,6.225211040399921
202,6.396886541392181
202,5.758412909936602
202,5.952086492889401
202,5.307060956021106
202,5.534225714841296
202,6.364139849487515
202,6.122345279949532
202,5.700404061617054
202,5.755134922060183
202,5.901241020297475
203,5.3104789447897485
203,6.122345279949532
203,6.364139849487515
203,5.243485501920059
203,5.956055322240407
203,5.307060956021106
203,5.952086492889401
203,6.347044228525662
203,6.202552188962879
203,5.661726259667616
203,5.717181447694858
203,5.622930241593523
203,5.83235403661879
203,5.877873778163151
203,6.176833522706982
204,5.956055322240407
204,5.661726259667616
204,5.877873778163151
204,5.952086492889401
204,5.622930241593523
204,5.717181447694858
204,6.364139849487515
204,6.122345279949532
204,5.83235403661879
204,6.176833522706982
204,5.307060956021106
204,5.839540891988236
204,5.943318878583924
204,6.333430130371593
204,5.734539308114461
204,5.345948490401957
204,5.701440889222305
204,5.908746518183341
204,5.611647603453865
204,5.9279243162187125
205,6.176833522706982
205,5.611647603453865
205,5.734539308114461
205,5.661726259667616
205,5.83235403661879
205,6.122345279949532
205,6.333430130371593
205,5.307060956021106
205,5.622930241593523
205,5.908746518183341
205,6.364139849487515
205,5.9279243162187125
205,5.9024406193978125
205,6.259619747509913
205,6.066989999816012
205,6.209797865012733
205,5.4504463836906485
205,6.01513279191224
205,6.000796712118601
206,5.83235403661879
206,6.176833522706982
206,6.259619747509913
206,6.066989999816012
206,5.9024406193978125
206,5.734539308114461
206,6.333430130371593
206,6.000796712118601
206,5.622930241593523
206,5.4504463836906485
206,5.661726259667616
206,5.611647603453865
206,6.209797865012733
206,5.903011667123979
206,5.953603562749893
206,6.186176453827801
206,5.38508524838953
206,5.896219076605251
206,5.432349703487171
206,5.879606256082125
207,6.209797865012733
207,5.896219076605251
207,5.4504463836906485
207,5.611647603453865
207,6.186176453827801
207,5.879606256082125
207,5.432349703487171
207,6.259619747509913
207,5.734539308114461
207,6.066989999816012
207,6.333430130371593
207,5.701612806569191
207,5.2877685217501265
207,5.603589572120276
207,5.80339822957239
207,5.971796860343101
208,5.2877685217501265
208,6.209797865012733
208,6.186176453827801
208,5.896219076605251
208,5.432349703487171
208,5.971796860343101
208,5.701612806569191
208,5.4504463836906485
208,6.259619747509913
208,5.879606256082125
208,5.727883835367388
208,5.557513487750939
209,5.896219076605251
209,5.2877685217501265
209,5.432349703487171
209,5.879606256082125
209,5.557513487750939
209,6.186176453827801
209,5.971796860343101
209,5.701612806569191
209,5.727883835367388
209,5.556252032300096
210,5.701612806569191
210,5.727883835367388
210,5.971796860343101
210,5.2877685217501265
210,5.557513487750939
210,5.556252032300096
211,5.557513487750939
211,5.727883835367388
211,5.556252032300096
